{
    "accuracy": 0.983958115183246,
    "f1_score": 0.8634920634920635,
    "precision_score": 0.8673469387755102,
    "recall_score": 0.8596713021491783,
    "loss": 10.588457542917002
}