{
    "accuracy": 0.983455497382199,
    "f1_score": 0.8634639696586598,
    "precision_score": 0.8711734693877551,
    "recall_score": 0.8558897243107769,
    "loss": 11.687494941379713
}