{
    "accuracy": 0.9798429961566768,
    "f1_score": 0.8460342146189735,
    "precision_score": 0.8517745302713987,
    "recall_score": 0.8403707518022657,
    "loss": 13.418690620584691
}